{
    "metrics": {
        "http_req_duration": {
            "min": 0.494086,
            "med": 1.700714,
            "max": 29.289954,
            "p(90)": 2.8565360000000006,
            "p(95)": 3.4672390999999987,
            "avg": 1.9240323608926468
        },
        "http_req_duration{kind:browse}": {
            "p(90)": 2.921517,
            "p(95)": 3.527488,
            "avg": 2.016877597770721,
            "min": 0.803416,
            "med": 1.76679,
            "max": 29.289954,
            "thresholds": {
                "p(95)<2000": false
            }
        },
        "iteration_duration": {
            "min": 1.078353,
            "med": 153.757607,
            "max": 312.152101,
            "p(90)": 272.61952279999997,
            "p(95)": 287.5451039999999,
            "avg": 153.24703573337084
        },
        "http_req_failed": {
            "fails": 40922,
            "passes": 2185,
            "thresholds": {
                "rate<0.05": true
            },
            "value": 0.05068782332335815
        },
        "data_sent": {
            "count": 4154002,
            "rate": 59232.08067474586
        },
        "iterations": {
            "count": 43105,
            "rate": 614.6359191654025
        },
        "checks": {
            "passes": 43105,
            "fails": 0,
            "value": 1
        },
        "vus": {
            "value": 1,
            "min": 1,
            "max": 120
        },
        "vus_max": {
            "min": 120,
            "max": 120,
            "value": 120
        },
        "http_req_duration{kind:product}": {
            "avg": 1.3029043694189626,
            "min": 0.494086,
            "med": 1.0947955,
            "max": 22.268446,
            "p(90)": 1.9971722,
            "p(95)": 2.5243057999999907,
            "thresholds": {
                "p(95)<2000": false
            }
        },
        "http_req_connecting": {
            "med": 0,
            "max": 6.367485,
            "p(90)": 0,
            "p(95)": 0.0935731999999999,
            "avg": 0.008970458950982444,
            "min": 0
        },
        "http_req_sending": {
            "avg": 0.019236508200524347,
            "min": 0.003951,
            "med": 0.014862,
            "max": 2.283195,
            "p(90)": 0.030756,
            "p(95)": 0.04064019999999998
        },
        "http_req_tls_handshaking": {
            "med": 0,
            "max": 0,
            "p(90)": 0,
            "p(95)": 0,
            "avg": 0,
            "min": 0
        },
        "data_received": {
            "count": 72226706,
            "rate": 1029883.4898642685
        },
        "checkout_failed": {
            "passes": 0,
            "fails": 2204,
            "value": 0
        },
        "http_req_receiving": {
            "min": 0.010037,
            "med": 0.050235,
            "max": 10.425069,
            "p(90)": 0.09695700000000002,
            "p(95)": 0.12389049999999999,
            "avg": 0.06111131625953984
        },
        "http_reqs": {
            "rate": 614.6644372454009,
            "count": 43107
        },
        "http_req_duration{expected_response:true}": {
            "p(90)": 2.8246333000000003,
            "p(95)": 3.429580349999999,
            "avg": 1.9069515892673667,
            "min": 0.494086,
            "med": 1.687805,
            "max": 29.289954
        },
        "http_req_waiting": {
            "med": 1.625016,
            "max": 29.224214,
            "p(90)": 2.7498024,
            "p(95)": 3.3464504,
            "avg": 1.8436845364326029,
            "min": 0.466894
        },
        "http_req_blocked": {
            "avg": 0.0188618795323264,
            "min": 0.001394,
            "med": 0.005201,
            "max": 6.429444,
            "p(90)": 0.01270580000000001,
            "p(95)": 0.13988959999999961
        }
    },
    "setup_data": {
        "productIds": [
            30,
            15,
            20,
            6,
            8,
            28,
            48,
            23,
            60,
            40,
            12,
            25,
            38,
            18,
            5,
            16,
            52,
            49,
            39,
            61,
            31,
            36,
            3,
            57,
            32,
            45,
            21,
            43,
            22,
            44,
            34,
            47,
            51,
            4,
            1,
            9,
            59,
            46,
            24,
            10,
            55,
            41,
            56,
            29,
            14,
            42,
            58,
            53,
            5107,
            2,
            7,
            11,
            27,
            50,
            33,
            17,
            26,
            13,
            5105,
            54,
            35,
            19,
            37,
            75,
            83,
            81,
            84,
            99,
            76,
            71,
            66,
            73,
            86,
            68,
            64,
            94,
            101,
            74,
            96,
            92,
            93,
            69,
            100,
            97,
            62,
            77,
            88,
            98,
            87,
            65,
            102,
            78,
            63,
            85,
            95,
            72,
            90,
            89,
            82,
            67
        ],
        "userId": 12
    },
    "root_group": {
        "groups": {},
        "checks": {
                "browse 200": {
                    "name": "browse 200",
                    "path": "::browse 200",
                    "id": "61b8c3e1ab01b01d94495fef01328185",
                    "passes": 34361,
                    "fails": 0
                },
                "product 200": {
                    "passes": 6540,
                    "fails": 0,
                    "name": "product 200",
                    "path": "::product 200",
                    "id": "f4785261ac3a9b6f0cec42b8cbb7b4f9"
                },
                "checkout ok/expected": {
                    "path": "::checkout ok/expected",
                    "id": "2ba26555846033ec2a67722625bd7266",
                    "passes": 2204,
                    "fails": 0,
                    "name": "checkout ok/expected"
                }
            },
        "name": "",
        "path": "",
        "id": "d41d8cd98f00b204e9800998ecf8427e"
    }
}