{
    "metrics": {
        "data_sent": {
            "count": 4189460,
            "rate": 59695.853901369446
        },
        "http_req_waiting": {
            "avg": 1.0610340251281778,
            "min": 0.24793,
            "med": 0.885388,
            "max": 19.008523,
            "p(90)": 1.7045402000000005,
            "p(95)": 2.2569775999999995
        },
        "http_req_duration{kind:product}": {
            "avg": 0.8633726725100814,
            "min": 0.272317,
            "med": 0.7720955,
            "max": 8.904966,
            "p(90)": 1.2799455,
            "p(95)": 1.5535675,
            "thresholds": {
                "p(95)<2000": false
            }
        },
        "http_req_failed": {
            "passes": 2177,
            "fails": 41320,
            "thresholds": {
                "rate<0.05": true
            },
            "value": 0.050049428696231926
        },
        "http_req_duration": {
            "avg": 1.130192405545214,
            "min": 0.272317,
            "med": 0.94995,
            "max": 19.081488,
            "p(90)": 1.8164512000000002,
            "p(95)": 2.373908
        },
        "http_req_duration{expected_response:true}": {
            "avg": 1.0687941995159786,
            "min": 0.272317,
            "med": 0.925658,
            "max": 19.081488,
            "p(90)": 1.5817131999999994,
            "p(95)": 2.0382843499999987
        },
        "http_req_blocked": {
            "p(95)": 0.13130179999999939,
            "avg": 0.016625164172241844,
            "min": 0.001261,
            "med": 0.004645,
            "max": 9.36498,
            "p(90)": 0.010032
        },
        "http_req_tls_handshaking": {
            "max": 0,
            "p(90)": 0,
            "p(95)": 0,
            "avg": 0,
            "min": 0,
            "med": 0
        },
        "http_req_duration{kind:browse}": {
            "avg": 1.1065053966792824,
            "min": 0.349029,
            "med": 0.9565485,
            "max": 19.081488,
            "p(90)": 1.6304496000000002,
            "p(95)": 2.131255099999999,
            "thresholds": {
                "p(95)<2000": false
            }
        },
        "http_req_connecting": {
            "med": 0,
            "max": 9.303981,
            "p(90)": 0,
            "p(95)": 0.0876353999999998,
            "avg": 0.008005965629813556,
            "min": 0
        },
        "http_req_sending": {
            "min": 0.003543,
            "med": 0.013257,
            "max": 0.935215,
            "p(90)": 0.0258804,
            "p(95)": 0.033247399999999976,
            "avg": 0.016082805779708997
        },
        "checkout_failed": {
            "passes": 0,
            "fails": 2177,
            "value": 0
        },
        "http_reqs": {
            "count": 43497,
            "rate": 619.7912277830237
        },
        "vus_max": {
            "value": 120,
            "min": 120,
            "max": 120
        },
        "http_req_receiving": {
            "med": 0.044894,
            "max": 7.221693,
            "p(90)": 0.08438300000000001,
            "p(95)": 0.10592379999999998,
            "avg": 0.053075574637331334,
            "min": 0.008898
        },
        "data_received": {
            "count": 73516859,
            "rate": 1047545.9066685389
        },
        "iterations": {
            "count": 43495,
            "rate": 619.7627296692327
        },
        "vus": {
            "max": 120,
            "value": 3,
            "min": 3
        },
        "checks": {
            "passes": 43495,
            "fails": 0,
            "value": 1
        },
        "iteration_duration": {
            "avg": 151.8625963456027,
            "min": 0.735085,
            "med": 151.723789,
            "max": 304.565513,
            "p(90)": 271.3109926,
            "p(95)": 286.7026711
        }
    },
    "setup_data": {
        "productIds": [
            30,
            15,
            20,
            6,
            8,
            28,
            48,
            23,
            60,
            40,
            12,
            25,
            38,
            18,
            5,
            16,
            52,
            49,
            39,
            61,
            31,
            36,
            3,
            57,
            32,
            45,
            21,
            43,
            22,
            44,
            34,
            47,
            51,
            4,
            1,
            9,
            59,
            46,
            24,
            10,
            55,
            41,
            56,
            29,
            14,
            42,
            58,
            53,
            2,
            7,
            11,
            27,
            50,
            33,
            17,
            26,
            13,
            5105,
            54,
            5107,
            35,
            19,
            37,
            75,
            83,
            81,
            84,
            99,
            76,
            71,
            66,
            73,
            86,
            68,
            64,
            94,
            101,
            74,
            96,
            92,
            93,
            69,
            100,
            97,
            62,
            77,
            88,
            98,
            87,
            65,
            102,
            78,
            63,
            85,
            95,
            72,
            90,
            89,
            82,
            67
        ],
        "userId": 16
    },
    "root_group": {
        "path": "",
        "id": "d41d8cd98f00b204e9800998ecf8427e",
        "groups": {},
        "checks": {
                "browse 200": {
                    "name": "browse 200",
                    "path": "::browse 200",
                    "id": "61b8c3e1ab01b01d94495fef01328185",
                    "passes": 34872,
                    "fails": 0
                },
                "product 200": {
                    "name": "product 200",
                    "path": "::product 200",
                    "id": "f4785261ac3a9b6f0cec42b8cbb7b4f9",
                    "passes": 6446,
                    "fails": 0
                },
                "checkout ok/expected": {
                    "path": "::checkout ok/expected",
                    "id": "2ba26555846033ec2a67722625bd7266",
                    "passes": 2177,
                    "fails": 0,
                    "name": "checkout ok/expected"
                }
            },
        "name": ""
    }
}